Leisure trip,3321040
Submitted from a mobile device,2447416
Couple,2006048
Stayed 1 night,1543240
Stayed 2 nights,1065008
Solo traveler,862752
Stayed 3 nights,759840
Business trip,659416
Group,519552
Family with young children,484824
Stayed 4 nights,378608
Double room,281064
Standard double room,254424
Superior double room,249072
Family with older children,209568
Deluxe double room,198408
Double or twin room,176888
Stayed 5 nights,165168
Standard double or twin room,139864
Classic double room,135912
Superior double or twin room,103992
2 rooms,98472
Stayed 6 nights,77592
Standard twin room,76968
Single room,76688
Twin room,66568
Stayed 7 nights,58688
Executive double room,51152
Classic double or twin room,48856
Superior twin room,48512
Deluxe double or twin room,47344
Club double room,47264
Queen room,43776
Deluxe king room,42856
Superior queen room,39184
Junior suite,36208
Standard single room,35656
Triple room,35480
Superior room,35336
Classic room,34392
Superior king room,33984
Standard room,33640
Deluxe room,31792
Standard queen room,28264
Double guest room,27496
Deluxe single room,26264
Small double room,25496
Queen guest room,25000
Deluxe twin room,24664
Basic double room,22808
King room,22744
Executive king room,21048
Comfort double room,20792
Small queen room,20040
Stayed 8 nights,19880
Standard double room without window,19392
Comfort double or twin room,19232
Double or twin room 1 2 adults,19104
Classic twin room,18880
Twin guest room,17576
Family room,17232
Travelers with friends,17016
Suite,15064
Superior king or twin room,14648
Deluxe king or twin room,13200
Deluxe double,13072
King guest room,13040
Cosy double room,12832
Standard double twin room,11360
Club twin room,11208
Executive double or twin room,11112
With a pet,11080
Classic king room,10544
Double hilton guestroom,10400
Stayed 9 nights,10264
Standard triple room,10200
Executive room,10168
Double room non smoking,10056
Standard,9848
Large double room,9536
Luxury double room,9192
Quadruple room,9104
Economy double room,9088
Superior double room with internal view,8896
Superior single room,8808
Classic single room,8720
Double room with two double beds,8696
Executive twin room,8640
Dorsett double room,8352
Premier double room,7968
Superior double or twin room 1 2 adults,7768
Studio,7736
Twin hilton guest room,7608
Studio king family,7400
Family room 2 adults 2 children,7392
Compact double room,7304
City king or twin room,7176
Stayed 10 nights,7064
Standard room with 1 double bed,7032
Classic queen room,6328
Deluxe queen room,5984
Deluxe triple room,5976
Queen or two double beds room,5936
City king room,5912
Studio suite,5824
Standard double,5776
Comfort room,5648
Queen room non smoking,5624
Twin room non smoking,5600
Premium double or twin room,5592
Superior triple room,5584
Superior twin room with internal view,5576
One bedroom suite,5288
Double room with view,5192
King hilton guest room,5168
Double room 1 adult,4920
Art king room,4880
Deluxe room barlow wing,4856
Standard king room,4792
Premium double room,4752
Executive king room with lounge access,4680
Deluxe king room with river view,4328
Double or twin room non smoking,4320
Queen room mobility access,4120
Double room 1 2 adults,4064
Studio double family,4048
Double room with courtyard view,4040
City twin room,4024
Double room with sofa bed,3872
Cosy single room,3808
Standard double room no window,3760
3 rooms,3696
Business double or twin room,3424
Room selected at check in,3344
Stayed 11 nights,3336
Superior shard king,3216
Superior double room disability access,3192
Deluxe king room balcony with eiffel tower view,3192
Deluxe with two double beds,3128
Double deluxe room,3104
Superior room with 2 single beds,3080
Double room with spa bath,3072
Club single room,3072
Comfort triple room,3072
Double or twin ground floor,3072
Deluxe double room 1 2 adults,3040
Double or twin room with spa access,3032
Deluxe king room with city view,3000
Standard room with spa access,2952
Deluxe king room with stadium view,2936
Standard double room with bridge view,2880
Double room with terrace,2864
One bedroom apartment,2808
Standard room with 1 single bed,2784
Deluxe one bedroom apartment,2784
Deluxe double room with two double beds,2720
Double room with single bed,2712
Queen room with mobility access,2704
Double room with city view,2696
Basic single room,2616
Large twin room,2552
Stayed 12 nights,2520
Small single room,2496
Duplex double room,2488
Luxury room,2464
Deluxe double or twin room with canal view,2432
Standard room with 2 single beds,2432
Executive family room,2432
Luxury suite,2416
Double room with sofa bed non smoking,2392
Superior double or twin room with view,2368
Standard room with queen bed,2344
Superior double room with city view,2312
Special offer double room,2304
Superior double twin room,2288
Standard room 1 2 adults,2288
Comfort twin double room,2280
Double room with balcony,2280
Queen hilton guest room,2264
Wonderful double or twin room,2240
Superior deluxe room,2200
Superior double room with terrace,2176
Executive double room river view,2168
Classic triple room,2160
Superior,2160
Deluxe double and single room,2160
Double studio,2152
Classic double or twin room with spa access,2152
Standard quadruple room,2144
Deluxe king room with balcony,2112
Superior room with queen size bed and sofa bed,2088
Superior room with queensize bed and double couch 2 adults 2 children,2080
Queen guest room with sofa bed,2056
Double or twin room with terrace,2048
Double hilton deluxe room,2040
Double room with street view,2008
Double or twin room with courtyard view,2000
Business double room,1984
Double or twin room with view,1976
Stayed 14 nights,1968
Stayed 13 nights,1936
Standard family room,1920
Quality double or twin room,1904
Deluxe double room with view,1896
Superior king room barlow wing,1896
Superior double or twin room with terrace,1896
Superior double,1888
Double or twin room with city view,1888
Studio triple,1840
Junior double room,1832
King double or twin room,1832
Privilege double room,1824
Double or twin room with extra bed,1816
Triple room 2 adults 1 child,1800
Superior room with queen bed sofa,1800
Camper room,1800
King double room,1792
Standard suite,1784
Standard double or twin room with balcony,1776
Chelsea double suite,1760
Family suite,1752
Large room,1728
Double room with eiffel tower view,1728
Urban double or twin room,1712
Deluxe king with balcony,1704
Special offer queen room,1696
Double or twin room with balcony,1696
Double room with public transport ticket,1672
Executive single room,1656
Classic room with courtyard view,1648
Prestige double room,1632
Studio king,1616
Double room with extra bed,1616
Studio double room,1608
Superior double room with spa access,1592
Wonderful room,1584
Single room with shower,1576
Junior suite 2 adults,1560
Dalston king,1560
Cabin single room,1560
Double suite,1536
Premier king room with city view,1536
Superior double room with balcony,1528
Economy twin room,1496
Double room annex,1496
Superior room with spa access,1480
Executive queen room with lounge access,1480
Standard twin room with bridge view,1464
Double room 2 adults,1464
Deluxe guest room,1456
Family room 3 adults,1448
Superior suite with 1 double bed and 1 single bed,1448
Two bedroom apartment,1440
Superior room with 1 queen bed,1424
Double room disability access,1416
Queen double room,1408
Executive suite,1400
Two connecting double rooms,1392
Double or twin room with sea view,1384
Superior queen room with sofa,1360
Superior king room with sofa bed,1360
Grand deluxe double or twin room,1352
Family room 4 adults,1336
Club room,1336
Comfort twin room,1320
Deluxe double studio,1320
Deluxe suite,1312
Deluxe studio,1304
Queen hilton superior room,1304
Large comfort double or twin room,1296
Classic double or twin room with city view,1280
Family room with sofa bed,1280
Executive studio,1272
Superior king room eiffel tower view,1264
Superior double room with two double beds,1264
Family junior suite 3 adults 1 child,1248
Signature luxury king with balcony,1248
Deluxe family room,1240
Superior double room with 1 double bed and 1 sofa bed 2 places,1216
Twin room disability access,1200
Deluxe double or twin room 1 2 adults,1200
Deluxe junior suite,1192
Executive club double room,1192
Queen room with sofa bed,1184
Premier single room,1184
Superior studio with city view,1184
Classic king twin room,1184
Deluxe double or twin room with city view,1176
Standard room with double bed and sofa bed,1176
Nhow double or twin room,1176
Executive studio city view family,1168
Superior family room,1168
Standard queen room with sofa bed,1160
Junior suite with spa access,1160
Room with ramblas view,1152
Comfort double or twin room 1 2 adults,1152
City room,1152
Two connecting rooms,1144
Souterraine double or twin room,1136
Club king room,1136
Standard double room with view terrace,1136
Privilege room with a double bed upper floors,1136
Souterrain double room,1120
Double room with river view,1120
Deluxe room with two double beds,1104
Superior twin room barlow wing,1104
Superior queen suite with sofa bed,1104
Deluxe double room with river view,1104
King room non smoking,1096
Executive studio suite,1096
River view deluxe,1096
Family room 2 adults 1 child,1096
Executive triple room,1088
Standard double room with two single beds,1088
Twin deluxe room,1088
One room suite with kitchenette,1080
Special offer superior double room,1072
Deluxe one bedroom suite,1064
Standard double room with park view,1056
Junior suite 1 2 adults,1040
Discovery double room,1032
Superior room with queen bed,1032
Single room annex,1032
Queen room upper floors,1032
Premier twin room,1024
Compact double room with private bathroom,1024
Apartment,1016
Superior room with 1 kingsize bed,1008
King deluxe guest room,1000
Deluxe double room with terrace,992
Classic double or twin room 1 2 adults,992
Classic double or single room,992
Deluxe double or twin room 2 adults 1 child,984
Duplex room,984
Queen bed leisure,976
Double room free wi fi,968
Executive double room with whirlpool,960
Comfort single room,952
Deluxe double room with state opera view,952
Single room with double bed,944
Deluxe double room with spa bath,944
Superior plus double room,944
Stayed 15 nights,936
Superior room with queensize bed and single sofa bed,936
Comfort double or twin room non smoking,936
Deluxe queen room with river view,920
King room with balcony,904
Twin superior room,896
Double room cosy,896
Queen guestroom,896
King deluxe room,896
Superior double bedroom,896
Deluxe single room with view,896
Economy single room,896
Special room,896
Deluxe double room with city view,896
Special offer double or twin room,880
Eiffel tower view king room,872
Club double or twin room,872
Accessible queen guest room,872
Maisonette,872
Twin room with spa bath,872
Single guest room,872
Executive queen room,864
King executive room with lounge access,864
Triple family guestroom,864
Standard room for 1 or 2 people with kitchenette,864
Marina double suite,856
Mini room,856
Superior double room with view,856
Quality single room,848
Standard room with queensize bed and single sofa bed,840
Small double or twin room,840
Fabulous double or twin room,840
Superior double or twin room with spa access,832
Superior double room with free unlimited wifi,832
Superior double or twin room with free wifi,824
Standard double or twin room with extra bed 2 adults 1 child,824
Executive double room with air conditioning,824
Double family guestroom,816
Executive room with city view,816
Executive club room,816
Standard guest room,816
Executive studio city view,808
Corner suite,808
Art room with iconic view,808
Junior double,808
Family suite 2 adults 2 children,808
Double room curieuse,808
Executive twin room with lounge access,808
Twin room with public transport ticket,800
Superior double double,800
Classic guest room 1 king or 2 twin single bed s,800
Superior double or twin room with city view,800
Business single room,800
Standard room with 1 double bed and 1 sofa bed,800
Superior m double room,800
Executive double,792
Cozy double or twin room,784
Deluxe double room with eiffel tower view,784
Double queen waterfront,784
Andaz double room,776
Triple hilton family room,776
Double room with garden view,768
Deluxe studio suite,768
King guestroom,768
Double room intemporelle,768
Penthouse suite with terrace and city view,768
Superior room with spa fitness access,768
Superior double room with queen size bed,760
Duplex junior suite with spa access,760
Secret double room,760
Junior triple room,752
Executive king room non smoking,752
Double room with french bed,744
Duplex suite,744
Deluxe room with courtyard view,736
Classic double room with garden view,736
Superior room with 1 queen bed 1 sofa bed,736
Garden king room,736
Classic room with queen bed,728
Luxury four poster,728
Business class room,728
Deluxe,728
Standard studio,720
Executive queen room with sofa,720
X ordinary room,712
Wonderful exchange king,712
Family room 4 guest,712
Royal mews view classic double,712
Superior room with city view,712
Junior suite 3 adults,704
Tradition double room,704
Two bedroom suite,704
Superior room with double bed and sofa bed,704
Apartment 1 2 adults,704
Superior room with 1 double bed,704
Double hilton deluxe,696
Classique double room,696
Souterrain comfort room,696
Superior double room with balcony and city view,696
Superior family room 2 adults 1 child,688
Family room with spa access,688
Double room with free airport shuttle service from 5 00am to 00 30am,688
King hilton guestroom,688
Design double or twin room,680
Deluxe double room canal view,680
Superior room with queen bed and sofa,672
Penta standard room,672
Standard double room with queen bed,672
Superior queen room with double sofa,672
Superior plus twin room,664
Double room attic,664
Deluxe king room with water view,664
Executive queen room with balcony,664
Luxury family room,664
Superior double or twin room xl,664
Studio room,656
Deluxe double room with private access to pool and spa,656
One bed feature room,656
Standard apartment,656
Superior queen room with single sofa bed,648
Premier room with balcony,648
Privilege king room,648
Double room with private bathroom,648
Standard double room with view,648
Classic triple room 3 adults,640
Standard room with one double bed and single sofa bed,640
Standard double or twin room 1 2 adults,632
Single room with private bathroom,632
Deluxe double or twin room with terrace,632
Twin room 1 2 adults,632
Twin hilton deluxe room,632
Superior room with view of big ben,632
Chelsea twin suite,632
Family superior room,624
Budget single room,624
Superior deluxe double or twin room,608
Superior studio,608
Superior twin room with view,608
Classic double room loge classique,608
Deluxe double twin room,608
Queen guest room with river view,600
Double or twin room with extra bed with balcony,600
Superior twin or double room,600
Deluxe eiffel tower king room,592
Executive king room non smoking with executive lounge access,592
Standard double or twin room annex building,592
Queen deluxe room,592
Superior queen room with 2 single sofa beds,592
Superior double room with private patio,584
King superior room,584
Suite with hot tub,584
Double room medium,584
Superior king,584
Small double room annex building,576
Family room two connecting rooms,576
Single studio,576
Superior quadruple room,576
Standard double or twin room with balcony 1 adult,576
Deluxe double room annex,576
Classic double room with breakfast,576
Treat your partner package double room,576
Premier king room barlow wing,576
Cozy exchange king,576
Double or twin room 2 adults,576
Twin room with free airport shuttle service from 5 00am to 00 30am,576
Aldwych double twin room,568
Triple studio,568
Privilege room with double bed,568
Superior room with queensize bed and single sofa bed 2 adults 1 child,560
Superior room with canal view,560
Queen or twin room,560
Special offer executive double twin room with access to nagomi health,560
Superior twin room with two double beds,560
Deluxe double room with garden view,552
Superior queen suite with sofa,552
Economy double or twin room,552
Special offer double twin room stay and park,552
Privilege room,552
Queen room with eiffel tower view,552
Double or twin room with extra bed 3 adults with free airport shuttle service from 5 00am to 00 30am,552
Basic double,544
Luxury double or twin room,544
Superior double or twin room with balcony,544
Single hilton guestroom,536
Luxury king room,536
Double family guest room,536
Grand superior king or twin room,536
Standard room with queen size bed and double sofa bed,536
Deluxe twin room with city view,536
Family room with king bed,536
Executive room 2 adults 2 children,528
Standard studio suite,528
Classic double room with shower,528
Double or twin room 1 or 2 adults,528
Classic twin room with garden view,528
Deluxe double or twin room with spa access,520
Superior plus room,520
Large king room,512
Standard queen or twin room lower ground floor,512
King guest room wheelchair accessible,512
Double or twin room with terrace and spa access,512
Comfort quadruple room,512
Deluxe double room with bath,512
Delightful queen room,512
Art twin room,512
Twin hilton guestroom,504
Hilton deluxe king room,504
Grand deluxe king or twin room,504
Superior family room 2 adults 2 children,504
Privilege double room 2 adults 1 child,504
Executive king room with air conditioning,504
Double or twin room with extra bed 3 adults,496
Montcalm club double room,496
Luxury room 1 queensize bed twin bedded room on request,496
Executive double room with two double beds with lounge access,496
One bedroom studio suite,488
Executive double room with lounge access,488
Executive double or twin room with spa access,488
Superior twin room with extra bed,488
Executive junior suite,488
Condal double or twin room,488
Royal room with ramblas view,488
King city view room,488
Superior double room with park view,488
Deluxe king room with terrace,488
Superior room with 1 queensize bed and double sofa bed,480
King room with river view,480
Superior queen room with courtyard garden or city view,480
Club room with club lounge access free wifi,472
Standard double or twin room tea time wine tasting included,472
Queen hilton deluxe,472
Superior room with two double beds and balcony,472
Two adjacent rooms 6 persons,472
Standard double room with tea time included,472
King hilton plaza room,472
Royal mews view king room,472
Deluxe double room with four poster bed,472
Double room single use,464
Double room 1 adult with free airport shuttle service from 5 00am to 00 30am,464
Double room xl,464
Large penthouse suite with terrace and city view,464
Twin deluxe guest room,464
Junior king suite,464
Stayed 16 nights,456
Small twin room,456
Superior double room with garden view,456
Deluxe double or twin room with mountain view,448
Classic studio,448
Premier deluxe double room,448
Comfort double or twin room with extra bed,448
Superior studio apartment,448
Deluxe double with winter garden view,448
Classic family room,448
King hilton waterfront,448
Deluxe king room with club lounge access,448
Queen room with sofa bed non smoking,448
Executive deluxe studio suite,448
Superior triple room 3 adults,448
Superior suite with 1 double bed and 2 single beds,448
Super deluxe double room,440
Spare room double,440
Park king,440
Large triple room,440
Kings junior suite,440
Small single room with balcony,440
Junior suite with terrace,440
Queen room with two queen beds 4 adults,432
Superior room swimming pool hammam access upon reservation,432
Superior deluxe room with spa bath,432
King or twin room with river view,432
Deluxe contemporary room,432
Luxury junior suite,432
Twin room with extra bed,432
Large single room,424
Superior double room loge sup rieure,424
Executive double room with spa access,424
Royal suite with canal view,424
Deluxe twin room balcony with eiffel tower view,424
Double room city,424
Suite room,424
Montcalm club room,424
Interior facing double room with natural light,424
Champagne shopping package double room,424
Superior double or twin room with landmark view,424
Deluxe queen room with view,416
Penthouse suite,416
Executive king or twin room with lounge access,416
Superior double room with free access to steam bath,416
Classic double room with free pool and hammam access,416
Executive premium room with a queen bed,416
Weekend offer standard studio,408
Triple room with spa bath,408
Superior junior suite,408
Superior deluxe double room with canal view,408
Superior queen room with sofa bed,408
River double suite,408
Single room lower ground floor,408
Superior double or twin room with terrace spa acces,408
Luxury double room mezzanine,408
Iconic king room with city view,400
Comfort double room with extra bed,400
Master bedroom double,400
Classic cosy room,400
Double room insolite,400
Superior double or twin room with extra bed,400
Double or twin room allergy free,400
Eiffel tower view twin room,400
Premium double or twin room xl,400
Double room baronne,400
Family room with balcony,400
Romantic special offer,400
Exclusive double or twin room,400
Hypoallergenic double or twin room,400
Club superking room,400
Standard room sopi,400
Family quadruple room,392
Observatory king,392
Superior quadruple room with balcony,392
King grand deluxe room,392
Superior king room with river view,392
Privilege super king or twin room,392
Double room with small double bed,392
Twin room 1 2 people,392
Suite with spa access 2 adults,384
Loft,384
Level room with executive lounge access,384
Family studio,384
Luxury suite patio,384
Business apartment with public transport ticket,384
Double superior room,384
Premium triple room,384
Executive double or twin room with no view,384
Interior double or twin room,376
Standard king room non smoking,376
Standard double room with sofa bed 3 adults,376
Standard double or twin room with extra bed 3 adults,376
Deluxe club double room,376
Premier double or twin room,376
Chambers junior suite with club lounge access,376
Eiffel tower junior suite,376
Comfort double or twin room with balcony,376
Privilege room with 1 double bed,376
Accessible twin room,376
Superior guest room 1 king or 2 twin single bed s,376
King grand premier room,368
Premier shard king room,368
Special offer deluxe room,368
Luxury room with spa access,368
Classic double room la parisienne,368
Twin guestroom,368
Quality double or twin room with extra bed,368
Quintuple room,368
Emperor suite,368
Boudoir double room,368
Standard room with 1 kingsize bed,368
Superior twin room with city view,360
Premium deluxe double room,360
Single hilton guest room,360
King room with courtyard view,360
Superior suite 2 adults 2 children,360
Deluxe garden room,360
Suite 3 adults,360
Tiny single room,360
Deluxe double room with spa access,360
Superior double room with terrace and private pool,360
Double or twin room with bath,352
Superior double or twin room with balcony 1 adult,352
Twin room with cathedral view,352
Superior two bedroom apartment,352
Twin executive room with lounge access,352
King suite with lounge access,352
Club eiffel tower king room,352
Privilege room with 1 kingsize bed,352
Executive club twin room,352
Double or twin room with bathroom,352
Queen superior room,344
Superior room with a shower or a bath,344
Standard double room disability access,344
Double room lady soul,336
Duplex suite with spa access,336
Superior double room with view non smoking,336
Studio twin,336
Deluxe double room with gallery view,336
Superior twin double room,336
Special offer princess relax,336
Attach suite,336
Superior premium queen room,336
Stayed 17 nights,336
Junior suite with river view and balcony,336
Deluxe queen room with balcony,336
Duplex,336
Executive king room with executive lounge access,328
Deluxe double plus single bed,328
Two adjoining superior suite,328
Privilege double or twin room,328
Classic room with 1 queen bed,328
Exclusive suite,328
Comfort double room courtyard side,328
Queen room disability access non smoking,328
Double or twin room 1 adult,328
Executive room with queen size bed and double sofa bed 2 adults 2 children,328
One bedroom suite with kitchenette,320
Luxury 1 bed suite,320
Canal view superior deluxe room with spa bath,320
Standard room with 1 double bed and 1 double sofa bed,320
Luxury twin room,320
Privilege double room with eiffel tower view,320
Duplex twin room,312
Twin room with private bathroom,312
Superior double room with sofa bed,312
Deluxe double room with balcony,312
Junior suite with lounge access,312
Classic room with 2 double beds 2 adults,312
King accessible superior room,304
Intuition room,304
Superior double room with free pool access,304
Single room with shared bathroom,304
Studio 2 adults,304
Twin hilton deluxe,304
Double executive room with lounge access,304
King suite,304
Double room disability access non smoking,304
Family room with king bed and sofa bed,304
Camper suite,296
Comfort double or twin room for single use,296
Executive double or twin room with harbour view,296
Junior suite with extra bed,296
Double room marquise,296
Executive double or twin room la ravissante,296
Loft suite,296
Business room,296
Superior queen room with pool access,296
Standard duplex room 1 2 adults,296
Budget double room second floor,296
Suite with balcony,296
Cosy room,296
Standard compact double room,288
Paseo de gracia double or twin room,288
Privilege room with king bed,288
Deluxe l double room,288
Superior suite,288
Standard quad room,288
Grand deluxe double room,288
Park deluxe king,288
Family apartment,288
Standard room with queen bed and sofa,288
Grand suite,288
Executive double room with double bed and sofa bed,288
Penta plus room,288
Classic suite,280
Standard double room with sea view,280
Spring package deluxe double or twin room,280
4 rooms,280
Budget double room,280
Executive double room eiffel studio d artiste with view of paris,280
Superior double room la s duisante,280
Queensgate double room,280
Small double room canal view,280
Twin room with city view 1 2 adults,280
Executive room with two double beds,272
Executive king room with panoramic view,272
Grand deluxe room,272
Twin room with courtyard view,272
Luxury suite with whirlpool,272
Junior suite with executive lounge access,272
Premium double or twin room with view,272
Superior room with 1 queensize bed canal view,272
Deluxe double or twin room with sea view,272
Deluxe double room without window,272
Apartment for 3 to 4 people with kitchenette,272
Corner double room,272
Superior double or twin room with pool spa access,264
One bedroom suite with city view,264
Garden room,264
Superior queen room 2 adults,264
Stayed 18 nights,264
King corner room,264
Double room crash pad under 30s,264
Standard room with 1 queen bed and sofa,264
Double double room,264
Residence suite,264
Superior double twin room with free parking,264
Deluxe barcelona city view,264
Luxury double room small,264
Premium king room,264
Triple room with spa access,256
Deluxe duplex room,256
Superior room with 1 double bed and 1 sofa bed 3 adults,256
Suite with terrace,256
Superior executive room,256
Single cabin room,256
Business double room with wifi and breakfast,256
Apartment 4 adults,256
Double room gwr tower,256
Classic double or twin room with extra bed,256
Panorama suite,248
King deluxe room with canal view,248
Twin room with extra bed 3 adults,248
Superior double room with terrace and cathedral view,248
Sextuple room,248
Comfort double room with terrace,248
Superior capucines room,248
Double room l,248
Grande suite,248
Family queen room,248
Privilege double or twin room with spa access,248
Superior triple room xl,248
Small double room without window,248
Junior deluxe double room,248
Standard double or twin with view,248
Executive room with river view,248
Superior double room with saint germain des pr s church view,248
Spectacular room,248
Superior double or twin room with canal view,240
Prestige suite,240
Double or twin room with park view,240
Triple room 3 adults,240
Superior room with 1 double bed and sofa 3 adults,240
Luxury twin room solarium,240
Elegance double or twin room,240
Executive room with 1 queen bed,240
Junior suite with balcony,240
Executive family room 2 adults and 2 children,240
Superior room with balcony with spa access,240
Deluxe double room with courtyard view,240
Family two bedroom suite,240
Panoramic room,240
Superior double room with terrace and city view,240
Classic double room with view,240
Premier twin room with city view,240
King room second floor,240
Double room with extra bed 2 adults 1 child,232
Stayed 19 nights,232
Executive room with canal view,232
Superior room with 1 double bed and 1 sofa bed 1 place,232
Superior one bedroom apartment,232
Top deluxe room,232
Classic room with one queen bed,232
Deluxe room with view,232
Room with view,232
Apartment 3 adults,232
Deluxe family room with 1 double and 2 single beds 4 adults,232
Economy single room basement no window,232
Saint honor double suite,232
Superior queen suite with sofa bed 2 adults,232
Standard guestroom,232
Classic double room with free access to hamman,232
King junior suite,224
Executive queen room with two queen beds with lounge access,224
Hyatt queen room,224
Executive deluxe room,224
Premier double or twin room with extra bed,224
Superior room with 2 double beds,224
Small double room with terrace,224
Chambers grand junior suite with club lounge access,224
Hyatt king room,224
Special offer only for cruise passengers,224
King room mobility accessible,224
One bedroom queen suite,224
Superior deluxe double room,224
Executive king room with city view,224
Comfort king or twin room,224
One bedroom apartment with city view,224
Delightful king twin room,224
Romantic double room,224
Traditional double room,224
Garden view king,224
Double twin superior room,216
Deluxe double room with canal view,216
Deluxe family room with view,216
Suite with city view,216
King room with view,216
Executive double room with access to executive lounge,216
Junior suite with city view,216
Exclusive double room,216
Executive suite with view,216
Amiral single room,216
One bedroom king suite with sofa bed,216
Imperial club double room with access to the club lounge,216
Garden twin room,216
Superior double or twin room with courtyard view,216
King room with sofa bed and balcony,216
Triple room free wi fi,216
Superior premium room with queen bed sofa,216
Classique square,216
Cool corner suite,216
Comfort double or twin room with rambla view,216
Deluxe queen guestroom,216
Premium double or twin room with terrace and spa access,216
1 king bed guest room,216
Family room 2 adults 2 children with access to nagomi health,216
Superior twin room with park view,216
Luxury quadruple room,208
Park studio king,208
Superior double room with sea view,208
Wonderful sky room,208
Junior suite with spa access free wifi,208
Deluxe room with city view,208
Business double room with courtyard view and public transport ticket,208
Double room for single use,208
Budget single room non smoking,208
2 adjacent non communicating rooms,208
Queensgate twin room,208
Double deluxe plus room,208
Premium double room with garden view,208
Deluxe two bedroom apartment,200
Double room with four poster bed,200
Premium superior double room,200
Quadruple room with shower,200
Double room with extra bed 2 adults 1 child with ramblas view,200
Superior duplex room,200
Double room with shower,200
Superior room queen bed,200
Souterrain triple room,200
Luxury triple room,200
Superior suite 3 adults 1 child,200
Superior metropolitan park double room,200
Double room crash pad,200
Superior deluxe king or double room,200
Executive double room with eiffel tower view,200
Triple room disability access,200
Twin suite,200
City twin room with surprise package,200
Classic junior suite,200
Canal view king,200
Standard room with 1 queen bed,200
Deluxe metropolitan city double room,200
Comfort room with extra bed,192
Queen suite with lounge access,192
Studio with courtyard view,192
Ren room free wifi,192
Classic double room with courtyard view,192
Two bedroom suite with two bathrooms,192
Superior double room single use,192
Interconnecting double rooms,192
Superior suite junior,192
Deluxe double room or twin room,192
Single room with free airport shuttle service from 5 00am to 00 30am,192
King studio,192
Deluxe guest room 1 king or 2 twin single bed s,192
Twin studio,192
King premier room,192
Junior suite with access to the club lounge,192
Falconers two bedroom suite,192
Double or twin room 2 adult 1 children,192
Deluxe with garden,192
Deluxe king guestroom,192
Suite with st stephen s cathedral view,184
Luxury king room with river view,184
Cosy twin room,184
Prestige double or twin room,184
Executive king room with sofa bed non smoking,184
Art deco double room,184
Room with dock view upper deck,184
Marina twin suite,184
Nadler deluxe double room,184
Classic apartment,184
Classic double room les pop,184
Room with dock view main deck,184
Superior room pigalle,184
King junior suite city view with access to executive lounge,184
Junior suite with private pool spa access,184
Studio apartment,184
Junior suite with private pool,184
Executive double room studio d artiste,184
Family room with view,184
Deluxe king room with canary wharf view,184
Junior suite double 1 2 adults,184
Superior king with balcony,184
Two adjacent double rooms,176
Deluxe triple room with view,176
Deluxe king,176
Andaz king twin room,176
Superior suite with view,176
Large canal view king,176
Classic designer,176
Stayed 21 nights,176
Family executive room 2 adults 2 children,176
Premium double or twin room with view and terrace,176
Special offer twin double room stay and park,176
Double room with shared bathroom,176
Duplex apartment 6 adults,176
Superior double room with spa access free wifi,176
Standard double room single use,176
Classic master suite,176
King room disability access non smoking,176
Executive suite 2 adults 2 children,176
City garden room,176
Privilege junior suite with spa access,176
Junior deluxe twin room,176
Premium twin room,176
Large deluxe room,176
Junior suite 1 3 adults,176
2 adjacent rooms,176
Standard double or twin room with view,176
Gallery suite,176
Urban junior suite,168
Small double room with canal view,168
Executive double room with executive lounge access,168
Club room with club lounge access,168
Executive suite with balcony,168
Suite 2 adults,168
Deluxe double or twin room 3 adults,168
Executive king or twin room,168
King size double room,168
King cathedral view room,168
Twin hilton plaza room,168
Premium room grand pigalle,168
Superior double or twin room non smoking,168
Executive suite 2 adults,168
Executive room free executive lounge access,168
Fabulous exchange king,168
Standard double room pigalle 15,168
Park deluxe twin,168
Standard double studio,168
Superior room for 1 2 people with kitchenette,168
Luxury suite superior,168
Standard room with queen bed renovated,168
Executive double room with city view,168
Two adjacent classic rooms,168
2 connecting rooms 5 people,168
Luxury king room 3 adults,160
Mezzanine suite,160
Deluxe double or twin room with balcony,160
Director s double room,160
Suite 4 adults,160
Double or twin room with sofa bed,160
Deluxe quadruple room,160
Double room with st stephen s cathedral view,160
Superior twin room with courtyard garden or city view,160
Twin city view room,160
Fabulous room,160
Junior suite executive,160
River view balcony suite,160
Double or twin room single use,160
Classic quadruple room,160
Hoxton studio suite,160
Classic twin view,160
Premium room 2 adults,160
Executive room with executive lounge access free wifi,160
Deluxe double room with extra bed,160
Accessible twin guest room,160
Embassy suite,160
Marina suite with canal view,160
Deluxe imperial room,160
Privilege twin king room,160
Superior king room with balcony,160
Deluxe double or twin room with landmark view,160
Superior premium queen room with sofa bed,160
Club double or twin room with executive lounge access,160
Club queen room,160
Two connecting superior double rooms,160
Club king room with lounge access,152
Principle double,152
Family duplex room,152
Mus e d orsay double room,152
Classic room with garden view,152
Stayed 20 nights,152
Superior double room with duomo view,152
Luxury double room with balcony,152
Junior suite with canal view,152
Suite with duomo view,152
Deluxe room with terrace,152
Family room 2 adults 3 children,152
Montcalm club twin room,152
Prestige family room,152
Executive deluxe king room,152
Magistrate king,152
Comfort single room with window and double bed,152
Standard twin room with sofa,152
Deluxe king plus,152
Luxury room 2 adults with canal view,152
Junior suite avenue,152
Two bedroom family,152
Deluxe room 1 or 2 people,144
Suite 5 adults,144
Superior double room 1 2 adults,144
Standard twin room with arc de triomphe view,144
Superior premium room with queen bed and sofa bed,144
Privilege room with view,144
Superior double studio,144
Superior room queen size bed and double sofa bed,144
Deluxe triple room with tea time included,144
Corner suite with lounge access,144
Deluxe executive room,144
Junior suite with river view,144
Superior double or twin room tea time wine tasting included,144
Executive room with queen size bed and single sofa bed,144
Queen room with balcony,144
Premium junior suite with king size bed,144
Club double room with lounge access,144
Superior double room with free pool and hammam access,144
Junior family suite 2 adults,144
Smart double or twin room,144
Room with river view upper deck,144
Deluxe family room 4 adults,144
Queensgate triple room,144
Pasha suite,136
Deluxe twin room 2 adults,136
Club deluxe room,136
Economy double room basement no window,136
Twin grand deluxe room,136
Deluxe double room with 1 extra bed,136
Deluxe room 2 adults,136
Superior room with queensize bed and single sofa bed 3 adults,136
King room with eiffel tower view,136
Superior double room free wi fi,136
Double room with city view 1 2 adults,136
Amsterdam street art queen guest room,136
Suite duplex,136
Comfort double room with sacr coeur view,136
Family room free wi fi,136
Deluxe twin or double room,136
Executive king room with view,136
Lower ground double room,136
King executive room,136
Superior deluxe double or twin room with spa access,136
Trash city suite,136
Standard double room with parking,136
Family 2 connecting rooms,136
Standard room with 2 zip beds,136
Executive queen room non smoking,136
Deluxe king guestroom with view,136
Classic king view,136
Suite breakfast and bottle of champagne included,136
Hyatt king room with view,136
Superior triple room with 3 single beds,136
Grand executive king room,136
Special offer twin room,136
Superior queen room non smoking,136
Master bedroom suite,136
Family suite 4 adults,136
Small double room with extra bed annex building,136
Junior suite courtyard,136
Suite with private pool,136
Executive queen room with lounge access mobility access,128
Basic double or twin room with parking,128
Junior suite with park view,128
Atrium,128
Sensation room,128
Suite with spa access 1 adult,128
Premium room,128
Suite with spa bath,128
2 connecting rooms 4 people,128
Business double room ground floor,128
Superior queen room with paris view,128
King junior suite with lounge access,128
King hilton deluxe room,128
Luxury double room with balcony and river view,128
Superior pantheon room,128
Double room op ra garnier with spa bath,128
Junior king suite with view 2 adults,128
Deluxe room henry monnier,128
Superior double or twin room with parking,128
The level room with executive lounge access,128
Deluxe apartment,128
Duplex junior suite,128
King room with executive lounge access,128
Superior twin room with eiffel tower view,128
Standard triple room with queen bed and sofa bed,128
Superior romantic double room,128
Congress suite,128
Double room luxury xxl king size bed,128
Romantic offer double room,120
Double room with extra bed 3 adults,120
Superior double room with sofa bed 3 adults,120
Double or twin room with garden view,120
Superior double or twin room moon blue,120
Double room with arc de triomphe view a glass of champagne,120
Classic triple room 2 adults,120
Executive twin room with access to executive lounge,120
Townhouse club,120
One bedroom suite with sea view,120
Premium quadruple room,120
King guest room with sofa bed,120
Regency suite,120
Two double bed guest room,120
Superior room with 1 double bed and 1 sofa bed 2 places,120
Suite with spa access 3 adults,120
Apartment 6 adults,120
Double room moulin rouge with shower,120
Premier king room,120
Double room with city view 1 adult,120
Mega room,120
Deluxe double room with private patio,120
Hyatt twin room,120
Junior suite with spa bath,120
Club double room with free internet and breakfast,120
Superior designer,120
Double room d couverte,112
Family room 4 people,112
Deluxe double room with patio,112
Drop dead gorgeous splash suite,112
Junior suite with cathedral view,112
Double room 1 adult with eiffel tower view,112
Twin room with view,112
Kings three bedroom suite,112
Privilege double or twin room courtyard side,112
King executive plus room,112
Double deluxe room with roman bath,112
Quintuple room 5 adults,112
Deluxe king room with paris view,112
Standard double room ground floor,112
Junior suite with eiffel tower view,112
Kube double or twin room,112
Executive room city view,112
Wonderful double room,112
Single room joy,112
One bedroom king suite,112
Superior double room les artys les fifties,112
Apartment with city view top floor,112
Superior double room with 1 extra bed,112
Deluxe twin room annex,112
Cozy room,112
Classic double room with street view,112
Four poster suite,112
Deluxe room with spa access,112
Triple room relax,112
Twin room with partial sea view,112
Superior double room 3 adults,112
Kings deluxe junior suite,112
Standard twin room with tea time included,112
Quadruple room annex,112
Executive double room with turkish bath,112
Petite double room,112
Double room with sauna access,112
Premium double room with balcony,112
Double room relax,104
Grand deluxe contemporary room,104
Ambassador suite,104
The level executive service room,104
Park queen,104
Family room with two double beds,104
Grand duplex suite,104
Twin deluxe with canal view,104
Executive double room with spa bath,104
Garden cottage,104
Standard twin room with 2 single beds,104
Executive room with garden view,104
King atrium suite with lounge access,104
Garden view queen,104
Hilton queen family room,104
Grand executive club room,104
Deluxe double or twin room with canal view annex building,104
Superior double room with terrace and view,104
Premier deluxe twin room,104
Luxury triple room with garden view,104
Double for single use,104
Junior suite with courtyard view,104
Superior queen suite with sofa 3 adults,104
Superior room with two double beds and view,104
Marquise superior double or twin room,104
Deluxe king room with club lounge access and balcony,104
Double room tour eiffel with shower,104
Executive king twin room,104
Classic double room 1 adult,104
Double room ground floor,104
Confort queen room,104
Luxury double room medium,104
Standard double room non smoking,104
Mandarin room,104
Family suite with two connecting rooms,104
Superior king room with lounge access,104
Privilege junior suite with terrace and spa access,104
Superior room design style free wifi,104
Mosaic double room,104
Superior room non smoking,104
Deluxe double with terrace,104
Townhouse deluxe,104
Urban deluxe,96
Double room with patio view,96
Deluxe park view,96
Executive room with queen size bed and single sofa bed 2 adults 1 child,96
Classic room with 2 double beds,96
Deluxe studio apartment 2 adults,96
Executive suite with lounge access,96
Two connecting basic rooms,96
Deluxe twin studio,96
Emotion room,96
Classic single room with garden view,96
Comfort suite,96
Urban suite,96
Deluxe boulevard double room,96
Classic double room for single use,96
Superior room with 1 queen bed and sofa,96
Royal double room,96
Falconers one bedroom suite,96
Standard 1 bedroom apartment,96
Standard double room with bath,96
Squint splash suite,96
Classic double room with city view,96
Nelson double room,96
Single room non smoking,96
Superior room with extra bed 3 adults,96
Triple apartment,96
Compact double room shared bathroom,96
Superior room with spa access free wifi,96
Executive queen room with eiffel tower view,96
Suite 2 adults 2 children,96
Souterrain executive double room,96
Deluxe single room with shared bathroom,96
Junior suite with club lounge access,96
Superior double or twin room with garden view,96
Superior queen single room,88
Executive room with 1 queensize bed,88
Superior double or twin room xl with extra bed,88
Royal suite split level with spa bath annex building,88
Superior twin room with cathedral view,88
Double room audacieuse,88
Superior double room with street view,88
Deluxe double room with spa access free wifi,88
Double hilton guest room plus,88
Executive double or twin room with city view,88
Superior double room with free access to hamman,88
King room with partial sea view,88
Family apartment 2 adults 2 children,88
Business king room,88
Cool corner room,88
Twin room with sea view,88
Two connecting double and twin rooms,88
Deluxe room with 1 queen bed,88
Executive studio with london eye view,88
Non smoking standard room with 1 double bed,88
Standard twin room non smoking,88
Deluxe double room with separate lounge area,88
Superior room with 1 double bed and 1 single bed,88
Privilege room with double bed and single sofa bed,88
King suite with sofa bed non smoking,88
Superior king room with iconic view,88
Standard double room with sofa,88
Privilege superior room,88
Deluxe double room with balcony non smoking,88
Superior twin room with free pool access,88
Exclusive guest room 1 king or 2 twin single bed s,88
Twin guest room plus,88
Studio disability access,88
Double room trocad ro with spa bath,88
Superior room with club lounge access free wifi,88
Nhow premium double or twin room,88
Studio king 3 adults,88
Deluxe room with club lounge access,88
Deluxe king room with garden view,88
Superior twin room 2 adults,88
Deluxe balcony room,88
Superior four poster room,88
Deluxe suite with city view,88
Deluxe room with whirlpool,88
Standard duplex room 3 adults,80
One bedroom suite with lounge access,80
Privilege top floor with terrace,80
Single room with bathroom,80
Deluxe double room with two single beds,80
Double executive room,80
Single room with bath,80
King hilton sea view,80
Premium superior queen room,80
Junior suite immersive art experience,80
View queen,80
Penthouse king executive room with access to executive lounge,80
One bedroom suite with kitchen,80
Superior king or double room,80
Superior business room with a double bed and sofa bed,80
Studio deluxe suite,80
Club double or twin room with club lounge access,80
Deluxe plus double room,80
Junior suite with gallery view,80
Xscape king,80
Stayed 22 nights,80
Deluxe double room 2 adults 1 child,80
Stayed 23 nights,80
Executive suite 3 adults,80
Family premium room 2 adults 2 children,80
Mayfair suite with lounge access,80
Double or twin room with balcony or terrace,80
Club king room non smoking with executive lounge access,80
Grand junior suite,80
Deluxe room with 1 double bed,80
Executive room with terrace,80
Superior twin room with private pool,80
Queen suite,80
Large garden view king,80
Luxury room 3 adults with canal view,80
Garden view twins,80
Loft junior suite,80
Club double room with club lounge access,80
Deluxe queen room with two queen beds,80
Executive double or twin room canal view,80
Stayed 27 nights,80
Large double or twin room,80
Stayed 30 nights,80
Room with river view main deck,80
Deluxe double room with club lounge access,80
Family room 2 connected double rooms,80
Two interconnecting rooms,80
Double room with park view,80
Classic twin room with view,80
Premium double twin room,80
Studio twin room 3 adults,80
Paris style queen or twin room with spa access,80
Deluxe premium double room,80
Triple room with terrace,80
Superior double or twin room with free airport shuttle service from 5 00am to 00 30am,72
Double guest room with river view,72
Master suite with club lounge access,72
Family room annex,72
Family room with bathroom,72
Deluxe eiffel tower twin room,72
Premium double room with views,72
Deluxe double or twin room light my fire,72
Studio attrape r ve,72
Standard room with queen size bed and double sofa bed 3 adults,72
Two bedroom family room,72
Superior room 3 adults,72
Deluxe room with pool access,72
Premium family room,72
Double or twin room select,72
Deluxe double room with free access to hamman,72
Special offer comfort double room with parking,72
Ambassadors room,72
Standard room with 2 double beds,72
Luxury room club sofitel with spa access,72
Kings one bedroom suite,72
King grand premier with canal view,72
Superior double or twin room xl with view,72
Superior double or twin room with sauna access,72
Cosy family,72
Double accessible guest room,72
View king room,72
Corner twin room,72
King room with knightsbridge view,72
Loft suite disability access,72
Comfort plus double room,72
Junior suite with 1 king size bed,72
King hilton executive room with access to executive lounge,72
Double room courtyard,72
Mezzanine room,72
Superior twin room with pool access,72
Ruyschen suite,72
Suite family room,72
Classic double or twin room with pool access,72
Executive studio apartment 2 adults 1 child,72
Deluxe suite with executive lounge access,72
Superior king suite,72
King room with city view,72
Apartment suite,72
Executive king or twin room with lounge access and park view,72
Small deluxe room with canal view,72
Superior double room with massage chair,72
Premier room,72
Two bedroom superior suite,72
Deluxe designer,72
One bedroom deluxe suite,72
Comfort single room with shower,72
Suite with sofa bed,72
Family room xl,72
Classic double single use,72
Superior twin room with paris view,72
Imperial suite,72
Deluxe twin room with spa access,72
Privilege double room with free pool and hammam access,72
Deluxe triple room with paris view,72
Exclusive suite eiffel,72
3 connecting rooms,72
Economy quadruple room,72
Suite 1 2 adults with spa access,72
Family room 3 adults 1 child,72
Executive triple room with garden view,64
Junior suite with view,64
Duplex king suite 2 adults 2 children,64
2 twin beds guest room,64
Grand deluxe imperial room,64
Superior triple room with 1 double bed 1 single bed,64
Superior room with double bed,64
Executive queen room mobility access with lounge access,64
Fabulous sky room,64
Premier river king room,64
Premium double or twin room xl with view,64
Premium double or twin room with garden view,64
Suite 2 adults 1 child,64
Terrace suite with lounge access,64
Family room 2 adults 1 children,64
Two adjacent double or twin rooms,64
Double room comtesse,64
Deluxe double or twin room with ramblas view,64
Superior double room with roll in shower disability access,64
Executive suite with spa bath,64
Superior double room pigalle 17,64
King deluxe family room,64
Queen junior suite,64
Panorama guest room 1 king or 2 twin single bed s,64
Executive four poster room,64
Family junior suite 4 adults,64
Superior double room breakfast included,64
Hoxton family suite,64
Basic double room nr,64
Superior garden view room,64
Two connecting double or twin rooms,64
Deluxe twin room souterrain basement,64
Junior suite with queen size bed,64
Double room with club lounge access,64
Privilege room 3 adults,64
Premium suite,64
Champagne shopping package twin room,64
Mandarin junior suite,64
Double room with city view top floor,64
Executive twin room 1 2 adults,64
Junior suite with private access to pool and spa,64
Deluxe king room wheelchair accessible,64
Suite avenue,64
Duplex suite with state opera view top floor,64
Double or twin room with parking,64
Executive penthouse with canal view,64
Adjacent double rooms,64
Business studio suite,64
Club level classic rooms,64
Junior suite xl,64
Special offer double room 3 nights minimum,64
King family room,64
Single room city,64
Art deco deluxe room,64
Suite with rambla view,64
Superior double room with extra bed,64
Presidential suite,64
Grand premium double or twin with city view,64
City suite,64
Standard twin room 2 adults 1 child,64
Executive room swimming pool hammam access upon reservation,64
Deluxe triple room with canal view,64
Exclusive double or twin room la mondaine,64
Bridal suite with view,64
Executive king,64
Ambassador junior suite,64
King executive suite with lounge access,64
Deluxe twin,64
Suite parisienne,64
Deluxe double room with connecting doors,64
King room with pool view,64
Junior suite with mountain view,64
Suite without window,64
Superior room with queen size bed and double sofa bed,56
Superior apartment 4 adults,56
Squint penthouse suite,56
Twin room with executive lounge access,56
Deluxe double or twin room with opera view,56
Deluxe plus double or twin room,56
Single room with park view,56
Deluxe double or twin room annex,56
King or double room with panoramic view,56
Triple room luxury xxl king size bed,56
Junior suite twin 1 2 adults,56
Park king or twin,56
One bedroom park suite,56
Prestige room swimming pool hammam access upon reservation,56
Luxury two bedroom apartment,56
Junior suite with vip services,56
Superior queen suite with sofa bed 3 adults,56
Executive twin room with whirlpool,56
Grand premium double or twin with sea view,56
Deluxe family room with two double beds with paris view,56
Double or twin room with pool view,56
Prestige room with garden view free wifi,56
Canal view deluxe triple room with spa bath annex building,56
King duplex suite,56
Two bedroom penthouse apartment,56
Superior room 2 single beds,56
Junior suite with view of the eiffel tower,56
Business single room with courtyard view,56
Premium view double room,56
Classic room with 2 double beds 4 adults,56
Executive double room with access to the level lounge,56
Prestige double room with eiffel tower view,56
Spectacular double room,56
Superior queen room with extra bed 2 adults,56
Signature suite,56
Penthouse junior suite with access to executive lounge,56
Deluxe quadruple room with canal view,56
Stayed 25 nights,56
Couture deluxe double room,56
Deluxe twin room with view,56
Two connecting classic double rooms,56
Stanhope suite,56
Executive room queen size bed,56
King junior suite with view,56
Deluxe boulevard twin room,56
Privilege room with 1 queen size bed,56
Park suite,56
Classic room breakfast included,56
Junior suite basement,56
Superior double or twin room for single use,56
Superior room with king bed,56
Accessible double guest room,56
Single room with spa access,56
Standard room with two single beds renovated,56
Privilege double room with saint germain des pr s church view,56
King room with city view top floors,56
Two connecting double rooms 5 adults,56
Junior suite with bath,56
Junior family suite 3 adults,56
Twin room with park view,56
Landmark junior suite,56
Junior suite cathedral view with access to executive lounge,56
King room with hyde park view,56
Room with park view,56
Twin executive room,56
Business double or twin room facing the sea,56
Deluxe double or twin room with vip services,56
Double or twin room in dite,56
Junior king suite with lounge access,56
Deluxe double room with panoramic view,56
Andaz large king room,56
Cosmopolitan suite,56
Executive double twin city view,56
Executive triple room 2 adults 1 child,56
Superior double or twin room with extra bed 2 adults 1 child,56
Large suite,56
2 double rooms next to each other,56
Penta junior suite,56
Eiffel tower suite,56
Large family suite,56
Junior suite canal view,48
Deluxe king suite,48
Halkin room,48
Privilege room with double bed and single sofa bed 3 adults,48
Suite with extra bed,48
Single room with arc de triomphe view,48
Suite family and friends,48
Luxury studio suite,48
Junior triple suite,48
Premier junior suite 1 2 adults,48
Junior suite with executive lounge access and free wifi,48
Supreme twin room,48
Special offer sleep park fly,48
Executive room with 1 queen bed and 1 sofa 3 adults,48
Single room with courtyard view,48
Executive double or twin room 3 adults,48
Wonderful bank king,48
Large canal view queen,48
Executive double or twin room with view of big ben and lounge access,48
Deluxe twin room 3 adults,48
2 connecting deluxe rooms with vip service for kids,48
Two connecting rooms 3 persons,48
Prestige twin room,48
Stayed 28 nights,48
Premier suite,48
Standard queen room with two queen beds,48
Deluxe room with spa fitness access,48
Deluxe twin or single room,48
Delegate deluxe double room,48
One bedroom river view suite,48
Prestige suite 2 adults with canal view,48
Collection suite,48
Superior double room with tea time included,48
Superior room with balcony and opera garnier view,48
Special offer double room with parking,48
Emotion room with terrace,48
Deluxe room 3 adults,48
Hyatt twin room with view,48
View twin,48
Junior suite with access to executive lounge,48
Superior twin room with terrace,48
Superior double room ground floor,48
King one bedroom suite,48
Bunk bed room,48
Two connecting rooms with free access to hamman,48
Privilege double room with terrace,48
Standard double or twin room 3 adults,48
Double without credit card,48
Junior double suite,48
Stayed 26 nights,48
Royal duplex suite,48
Junior suite with terrace and city view,48
Andaz large suite,48
Superior room with garden view free wifi,48
Queen suite with balcony and city view,48
Superior king room non smoking,48
Deluxe double room with terrace and private pool,48
King plaza executive room,48
Twin room with pool view,48
Junior suite 2 adults 1 child,48
Deluxe double room non smoking,48
Superior suite with city view,48
King room mobility accessible non smoking,48
King superior plus room,48
Standard double room with terrace,48
Double junior suite,48
Large comfort twin room disability access,48
Wonderful bank with canal view,48
Single room with sauna access,48
Executive double room top floor,48
Basic twin room,48
Jimmie martin penthouse suite,48
Executive room 1 queen size bed 1 sofa bed balcony,48
Junior suite with double bed,48
Stayed 24 nights,48
Junior suite blue,40
Executive deluxe double room,40
4 person suite,40
Suite grand lit,40
Deluxe premium king room,40
Executive room with queen bed,40
Business twin room with courtyard view and public transport ticket,40
Adjacent rooms,40
Executive room with queen bed and a sofa non smoking,40
Hilton deluxe twin room plus,40
Executive junior suite with sea view,40
Guest queen room with two queen beds,40
Junior suite with sea view,40
Stayed 29 nights,40
Deluxe king or queen room,40
Classic double room with private terrace,40
Hilton superior double room,40
Superior king suite 3 adults,40
Hilton superior twin room,40
Premium king or queen room,40
Grand premier family room,40
2 connecting rooms 4 adults,40
Four seasons king junior suite,40
Junior suite 4 adults,40
Quadruple suite,40
Superior deluxe double room pigalle 22,40
Suite oc ane,40
Deluxe room with 1 king bed,40
Double queen executive waterfront with access to executive lounge,40
Privilege family room,40
Junior suite parisienne,40
Loft suite with terrace,40
5 rooms,40
Studio twin room,40
Deluxe junior suite with lounge access,40
Penthouse suite family,40
Superior twin room with sofa bed non smoking,40
Studio suite with lounge access,40
Fabulous bank king,40
Executive business room with double bed,40
Double queen family suite with access to executive lounge,40
Classic adjacent rooms,40
Junior king suite with view 3 adults,40
Connecting double rooms,40
Studio suite bank,40
King magistrate suite,40
Standard room with 1 queen bed and sofa 3 adults,40
Grand suite with canal view,40
Souterrain twin room,40
Duplex room 4 adults,40
Deluxe double room with private pool,40
Double or twin room with panoramic view,40
Suite elys e,40
Deluxe accessible twin room with view,40
Suite split level,40
Double or twin room ladies special,40
Standard room with terrace,40
Deluxe apartment 4 adults 2 children,40
Superior double room with sofa bed and pool view,40
Double room with canal view,40
Executive queen room with sofa bed,40
One bedroom suite with air conditioning,40
Large double room with garden view,40
Stunning city studio,40
Deluxe double room corner,40
Suite king,40
Junior king suite with pool access,40
Special offer deluxe double room,40
Executive twin room with access to the level lounge,40
Master suite,40
Premium deluxe double room with river view,40
Junior suite with shower,40
Universitat double or twin room,40
Autentic double room,40
Corner view suite,40
Executive room with view and lounge access,32
King suite non smoking,32
Deluxe family room with 1 double and 2 single beds 3 adults,32
Comfort double room with park view,32
Junior suite double,32
Business double room with 500 frequent flyer miles,32
Executive double room with free access to steam bath,32
Senior suite 1 3 adults,32
Suite couture,32
Queen room with roll in shower mobility access non smoking,32
Double room capricieuse,32
Executive room with 1 queen bed and 1 sofa 2 adults,32
Hyde park junior suite with park view,32
Superior double room 2 adults 1 child,32
Tradition twin room,32
Double room with parking,32
Apartments 4 adults,32
Large double room with champs elysees view,32
Superior one bedroom suite,32
Executive double or twin room with executive lounge access,32
Executive double or twin room with club lounge access,32
Standard double room 2 adults,32
Secret room with spa access,32
Superior room with 1 single bed,32
Solo room,32
Junior suite premium with spa access,32
One bedroom suite with park view,32
Luxury one bedroom apartment,32
Triple room with park view,32
The level grand premium double or twin room with city view,32
Deluxe double room with view and disability access,32
Luxury duplex room,32
Suite deluxe,32
Junior suite double or twin,32
Duplex family suite with spa bath,32
Queen family room,32
Executive room with one queensize bed with balcony,32
Plaza club room,32
Executive room non smoking,32
Four seasons suite,32
Signature double room,32
Triple junior suite,32
Twin grand premier room,32
King executive waterfront with access to executive lounge,32
Double room duchesse,32
Deluxe double room with terrace and eiffel tower view,32
Executive double room with sofa bed,32
Deluxe room with two single beds,32
La petite maison,32
Deluxe junior partial river view,32
Cabine single room,32
New amsterdam suite,32
Modern double room narcisse,32
Junior suite my ch rie amour,32
Premium double or twin room with sea view,32
Privilege suite,32
Double room large,32
Deluxe double room with free access to steam bath,32
Two adjacent deluxe rooms,32
Superior oversized queen room,32
Superior room with one double bed,32
Executive double or twin room with private terrace,32
Family communicating rooms,32
Privilege room with a double bed,32
Corner larger executive room with executive lounge access free wifi,32
King suite with executive lounge access,32
Modern double room echo,32
Grand premier king room,32
King suite with sofa bed 4 adults,32
Duke of monmouth suite,32
Deluxe queen room with sofa,32
Superior apartment 3 adults,32
Twin premier room,32
Junior suite give me the night,32
Park executive suite,32
Superior double or twin room with extra bed 3 adults,32
Luxury double room large,32
One bedroom king suite 2 adults,32
Single room tea time wine tasting included,32
Park view studio,32
Club junior suite,32
Deluxe suite with river view,32
Canal view queens,32
Superior double room with london eye view,32
Suite with garden view,32
Junior suite blue sunshine,32
Junior suite with queen bed 3 adults,32
Junior suite with private garden,32
Deluxe double room swimming pool hammam access upon reservation,32
Room assigned at check in,32
Twin plaza executive room,32
Family room 5 adults,24
Special offer classic room,24
Family room two connecting rooms vip welcome for kids,24
Premium room 3 adults,24
Privilege room with 2 double beds,24
Superior suite 3 adults,24
Hilton relaxation room,24
2 connecting double rooms,24
Superior suite with garden view,24
Lm club double or twin room,24
Junior conservatory with king bed,24
Superior room 3 persons,24
Superior double or twin room xl with extra bed 3 adults,24
Eiffel suite,24
Executive deluxe,24
Standard double room with sofa bed,24
Junior suite with kingsize bed 3 persons,24
Superior queen room with sofa bed non smoking,24
Park deluxe king or twin,24
Suite room 1 or 2 people,24
Executive suite with free airport shuttle service from 5 00am to 00 30am,24
Hansen suite,24
Parisian junior suite,24
Superior room with queen size bed and sofa bed 2 adults,24
Two adjacent rooms,24
Twin room with city view top floor,24
Junior suite saint honor,24
Executive black suite,24
Premier double room with panoramic view and executive lounge access,24
Junior alcove suite with access to executive lounge,24
Room sous les toits 18m with montmartre view,24
Urban triple room,24
Superior apartment 2 adults,24
Executive room with queen size bed and single sofa bed 3 adults,24
River twin suite,24
King room with sea view,24
Superior classic double room,24
Ground floor queen room disability access,24
Two connecting rooms 2 adults 2 children,24
Park deluxe room,24
Royal penthouse with canal view,24
Two adjoining double rooms,24
Studio my little haussmann,24
Gallery suite with spa access free wifi,24
Superior double room plus l insolente,24
Grand superior room,24
Superior room with 1 queen bed and sofa 3 adults,24
Suite 1 2 adults,24
Junior suite 5 adults,24
Special offer double room park and sleep inklusive breakfast,24
Royal suite,24
Room with paris view,24
Privilege twin room,24
Deluxe double or twin room with spa bath,24
Deluxe king studio suite,24
Twin room mobility access,24
Luxury suite triple,24
Deluxe double room with lounge access,24
Two connecting double rooms 2 adults 2 children,24
Deluxe two bedroom suite,24
Executive room with two double beds and executive lounge access,24
Double room medium heritage,24
Junior suite twin,24
Penthouse suite with balcony,24
Double room atelier d artiste with spa bath,24
Superior double or twin room with eiffel tower partial view,24
Deluxe family room with spa access,24
Attic suite 1 or 2 people,24
Curve suite with lounge access,24
Art deco room terrace,24
Standard family suite with two connecting rooms 4 adults,24
Mandarin double or twin room,24
King one bedroom suite with living room,24
Two connecting double rooms 4 adults,24
Superior double room with courtyard view,24
Double or twin room with extra bed 2 adults 1 child,24
Junior room,24
Executive deluxe double room with spa access,24
Special offer comfort double room with breakfast and parking included,24
Junior suite lavender,24
Deluxe room with spa access free wifi,24
Cool corner exchange,24
Op ra junior suite,24
Suite with view,24
Executive king suite,24
Club king room with view and lounge access,24
Executive master suite,24
Junior suite high floor,24
Twin hilton sea view,24
Deluxe double or twin room with parking,24
Premium king room with view,24
One bedroom apartment penthouse,24
Comfort triple room with spa bath,24
Junior suite 2 adults 2 children,24
Deluxe king room 2 adults,24
Duplex suite with sofa bed,24
Bunk bed in twin room pigalle 12,24
Queen room with executive lounge access,24
K suite,24
Junior suite with view and disability access,24
Double or twin room business advantage,24
Deluxe twin room with eiffel tower view,24
Marvelous suite exchange,24
Executive room with queen bed renovated,24
Superior double room non smoking,24
Triple room with city view,24
Hyatt queen room with view,24
Regency king suite with lounge access,24
Junior suite split level with lounge access,24
Terrace junior suite,24
Triple room annex,24
Design one bedroom suite,24
Family room sleeps four,24
Two connecting double rooms with pool access,24
Family junior suite,24
Suite reloj,24
Ma tre superior double or twin room with street view,24
Twin or double room with terrace,24
Double room 2 adults 1 child,24
Junior suite tendre ros e,24
Loft double room with terrace,24
Suite with free pool and hammam access,24
Comfort single room with view,24
Two connecting superior twin rooms,24
Junior suite 3 adults with spa access,24
Deluxe triple room with spa access,24
Standard double room with two double beds,24
Premium double room with terrace,24
The rooks nest,16
Three bedroom suite,16
Club suite with club lounge access,16
Park junior suite,16
Suite with eiffel tower view vip welcome,16
Superior double or twin room xl with extra bed 2 adults 1 child,16
Junior suite with free access to steam bath,16
Junior suite royal,16
Comfort club double or twin room,16
Deluxe junior suite with spa bath,16
Premier shard suite,16
La reflet junior suite,16
One bedroom suite with executive lounge access,16
Business suite,16
Standard room with queen bed and sofa bed,16
Deluxe triple suite,16
Superior double room with terrace and mountain view,16
Superior king room with pool view,16
Twin executive plus room,16
Family suite with balcony,16
One bedroom family suite,16
Deluxe eiffel twin,16
Twin room with city view,16
Double room mus e d orsay with spa bath,16
Junior suite with bath and shower,16
Suite designer,16
Two adjacent double rooms with free pool and hammam access,16
Superior room with garden view,16
One bedroom suite 1 2 adults,16
Double room large heritage,16
Double deluxe suite,16
Premium lafayette,16
Suite 1 3 adults,16
Deluxe double room 1 adult,16
King deluxe one bedroom suite with lounge access,16
Deluxe triple room swimming pool hammam access upon reservation,16
Supreme double room,16
Two adjoining rooms with dock view main deck,16
Queen guest room mobility accessible,16
Presidential suite with view terrace,16
Twin junior suite city view with access to executive lounge,16
Guest room with balcony,16
Grand suite duplex,16
Two adjacent classic double rooms,16
Suite with glass of champagne,16
Knightsbridge suite,16
Hilton executive suite with lounge access,16
Junior suite 2 adults and 1 child free wi fi,16
Cabaret junior suite,16
Vend me deluxe room,16
Superior room with balcony,16
Junior suite with spa access 3 adults,16
Executive twin room with city view,16
Family room free wifi,16
King suite with sofa bed 3 adults,16
Four seasons twin junior suite,16
Large one bedroom apartment,16
Junior suite with living room,16
Club suite,16
Palais suite,16
Luxury suite conservatory with lounge access,16
La rouge suite,16
Superior room with 1 double bed and sofa,16
Twin junior suite,16
Special offer deluxe double or twin room,16
Park suite view,16
Suite trocadero balcony with eiffel tower view,16
Two bedroom deluxe suite,16
Fabulous bank canal,16
Quadruple apartment,16
Junior queen suite with sofa bed,16
Executive room selected at check in,16
Superior queen room with extra bed 3 adults,16
Executive room with double bed,16
Deluxe double room pigalle 21,16
Deluxe queen room with pool view,16
Queen single room,16
Junior suite sans mod ration,16
Prestige double room with view,16
Classic twin or double room,16
Family apartment 4 adults with spa access,16
Special offer double or twin room with parking,16
Special offer standard double or twin room,16
Park deluxe view,16
Amsterdam street art double guest room,16
Junior king suite 3 adults,16
Twin hilton room plus,16
Superior double or twin room with patio,16
Classic single room with spa access,16
Special offer double room with continental breakfast,16
Superior double room new style,16
Exception room,16
Park deluxe view twin,16
Marvellous suite,16
Hilton superior king room,16
Deluxe double or twin room with panoramic sea view,16
King deluxe family room connecting doors,16
Champs elys es prestige room,16
Standard double room with panoramic view,16
Superior twin room with airconditioning,16
Mansart executive room,16
Deluxe family room with 1 double and 2 single beds,16
Standard double room with city view,16
2 adjacent superior rooms,16
One double suite nonsmoking,16
Comfort family room,16
Suite canal view,16
Executive double room with square view,16
Double or twin room with terrace and panoramic view,16
Prestige one bedroom suite with river view,16
Interconnecting rooms,16
Executive king suite with lounge access,16
Deluxe family room 3 adults,16
King or queen studio,16
Three bedroom apartment,16
Green park suite,16
Superior executive room with executive lounge access,16
Penthouse suite with view,16
Executive double room with terrace,16
Business double room 1 adult,16
Duplex deluxe triple room 2 adults 1 child,16
Couture junior suite,16
Executive queen room with sofa bed 3 adults,16
Deluxe quadruple room with paris view,16
Deluxe king room disability access,16
Two adjacent rooms 5 adults,16
Executive double room non smoking,16
Superior double room 1 adult,16
Suite vip welcome,16
King waterfront suite with access to executive lounge,16
Special offer superior queen room,16
Junior suite with pool access,16
Special offer classic room with parking,16
Suite tea time wine tasting included,16
Double room disability access tub,16
Small studio,16
Special offer double room park and sleep,16
Executive room with two queen beds,16
Suite with eiffel tower view,16
Prestige triple room,16
Executive queen room 2 adults,16
Junior suite jungle fever with hot tub,16
Studio suite with club lounge access,16
Accessible king room with lounge access,16
Executive room with views of paris queen size bed and double sofa bed 2 adults 2 children,16
Executive queen suite,16
Executive double room single use,16
Executive premium queen room with sofa bed,16
King junior suite with executive lounge access,16
Superior double room with terrace and jacuzzi,16
Superior room with 2 zip beds,16
Junior suite triple,16
Double room with fitness equipment,16
Club suite with executive lounge access,16
Superior twin room with extra bed 2 adults 1 child,16
Balcony suite with executive lounge access,16
Junior suite 2 adults with free airport shuttle service from 5 00am to 00 30am,16
Chic twin or double room,16
Park deluxe executive king,16
Octagon suite with lounge access,16
Skylight deluxe executive room,16
Minsters deluxe two bedroom suite,16
Park suite king,16
King one bedroom suite with lounge access,16
Ring suite,16
2 connecting rooms,16
Accessible studio suite,16
Executive suite with queen bed and sofa bed 2 adults,16
Special offer single room with continental breakfast,16
The duplex,16
Junior suite with lounge access and city view,16
Suite with spa access,16
Elisabeth suite,16
Suite terasse eiffel,16
Art deco deluxe room view and terrace,16
Park twin,8
Quadruple room 2 adults 2 children,8
Executive suite with river view,8
Family room three bedrooms communicating,8
Suite with harbour view,8
One bedroom executive suite with lounge access,8
2 double connecting rooms,8
Deluxe double room with balcony and free pool access,8
King master suite,8
Artist s studio king junior suite with spa access,8
Suite with free bottle of champagne and spa fitness access,8
Superior twin room with tea time included,8
Grand premier suite,8
Special offer classic double room,8
Two connected double rooms,8
Classic double room with balcony,8
Penta playerpad suite,8
Universitat single room,8
Courtyard suite with st stephen s cathedral view,8
Basic double or twin room,8
Double standard,8
Suite superior,8
One bedroom king suite with garden view,8
Superior junior suite single use,8
Deluxe double room with city view and spa access,8
Executive apartment,8
Suite with balcony and spa access,8
King room with sofa bed,8
Junior suite attic,8
Parisian suite,8
Club twin room with lounge access,8
Suite with garden view and parking,8
Signature room,8
Three bedroom luxury apartment,8
One bedroom city suite,8
Two double adjoining rooms,8
La mathurin suite,8
Art deco room balcony,8
Tower suite with lounge access,8
Suite marignan eiffel,8
Park suite with executive lounge access,8
Luxury suite antique theme,8
Park deluxe suite,8
Regency executive suite with lounge access,8
Suite aurore,8
Suite free executive lounge access,8
Double room 3 adults,8
Executive with two double beds,8
Deluxe pantheon room,8
Queen guest room with terrace,8
Double or twin junior suite,8
Deluxe double or twin room with pool access,8
Shoreditch suite,8
Marvelous suite,8
Principe suite,8
Suite with hammam,8
Oscar wilde room,8
Twin bed suite,8
Two adjoining rooms with dock view upper deck,8
Suite with panoramic view,8
Executive suite 1 king,8
Junior suite with extra bed 3 adults,8
Deluxe room 2 adults 1 child,8
Suite with spa access 4 adults,8
Superior room with sofa bed 4 adults,8
Family suite with adjoining rooms,8
Original double room,8
Duplex king suite 3 adults,8
Deluxe family room 2 adults 2 children,8
Superior executive twin room,8
Family room with view 2 adults 2 children,8
Smart triple room,8
Suite cocotte,8
Suite pigalle 35,8
Eiffel loft,8
Horizon suite with dock view,8
Queen suite with city view,8
Townhouse suite,8
Panoramic suite,8
King room balcony with view on eiffel tower view free wi fi,8
Two bedroom suite with private access to pool and spa,8
Executive twin room with river view,8
Duomo suite,8
Suite with city view and parking,8
Andaz suite,8
Double room 1 or 2 people,8
Deluxe twin room with terrace and eiffel tower view,8
Superior double room with sofa,8
One bedroom suite with courtyard view,8
Twin hilton executive room with access to executive lounge,8
Grand historique suite,8
Triple executive room,8
Standard family suite with two connecting rooms,8
Minsters deluxe one bedroom suite,8
2 connecting rooms 5 adults,8
Quadruple room with sauna access,8
Art deco deluxe room patio and terrace,8
Penthouse plaza suite with access to executive lounge,8
Double twin rooms next to each other,8
Superior room with sofa bed,8
Suite with club lounge access,8
Executive double room eiffel tower view with 1 queensize and sofa bed,8
Ashburn suite,8
Luxury suite music theme,8
King room with disability access non smoking,8
Junior suite 3 adults or 2 adults 1 child,8
Regency suite king,8
King room or twin room disability access,8
King suite non smoking with executive lounge access,8
Double room rouge epic e,8
Westminster suite with king bed,8
Family king room,8
Studio with spa access,8
Two adjacent superior double rooms,8
Suite family room 2 adults 2 children,8
Comfort plus twin room,8
Art room xl with iconic view,8
One bedroom classic suite,8
Fantastic suite,8
Junior suite with twin beds,8
Two connecting executive rooms,8
Penthouse,8
Junior suite with free bottle of champagne,8
Privil ge suite with 1 double bed and sofa,8
Family room 6 adults,8
Luxury single room,8
Twin grand premier with canal view,8
Corner suite 2 adults 1 child,8
Two bedroom suite with terrace,8
Prestige suite with private terrace,8
Four connecting rooms,8
Executive double room with park view,8
Deluxe double room with hammam,8
Deluxe one bedroom suite with river view,8
Two adjacent double room,8
Suite with river view,8
Junior suite with hydromassage shower,8
Family plan,8
Duplex triple room,8
Deluxe one bedroom park suite,8
Superior suite 4 adults,8
Apartment attic,8
Duplex king suite,8
Townhouse apartment,8
Double room with 2 tickets for a cruise on the seine river,8
Champs elys es prestige junior suite,8
Prestige king room non smoking,8
Privilege room with hammam,8
Deluxe suite 2 adults with paris view,8
Suite champs lys es,8
Bobo queen or twin room with spa access,8
Belgravia suite,8
Eiffel suite with partial view,8
One bedroom apsley suite,8
Rooftop suite,8
Small double room 1 2 adults,8
Urban queen room with spa access,8
Stayed 31 nights,8
Junior suite 3 adults with paris view,8
Loft double room,8
Special offer room with continental breakfast,8
Grand executive room with city view,8
Privilege room with extra bed 3 adults,8
Executive double room with spa fitness access,8
Grand executive room,8
Executive vend me triple room,8
Executive premium queen room,8
Executive suite free executive lounge access,8
Easter special executive king room,8
Superior one bedroom suite with executive lounge access,8
Luxury suite with garden view,8
Superior suite water front,8
Two adjoining rooms,8
Suite juliana,8
Design suite,8
Junior suite free wifi,8
Standard double or twin room with extra bed,8
Double room radieuse,8
Park room,8
Deluxe suite 4 adults,8
Suite with executive lounge access,8
Superior suite 2 adults,8
Superior room with sofa bed 3 adults,8
Family room two connecting rooms 3 adults,8
Deluxe double or twin room disability access,8
Apartement,8
Suite with knightsbridge view,8
Queen one bedroom suite,8
Park deluxe queen,8
Couture suite,8
King loft,8
Four seasons executive king suite,8
Deluxe double room 3 adult,8
Executive double or twin room with terrace,8
One bedroom suite with sofa bed,8
