United Kingdom,1955656
United States of America,281568
Australia,172320
Ireland,117968
United Arab Emirates,81408
Saudi Arabia,71312
Netherlands,69648
Switzerland,68928
Germany,62744
Canada,62504
France,57864
Israel,52288
Italy,48488
Belgium,47928
Turkey,43064
Kuwait,39232
Spain,37552
Romania,35392
Russia,30752
South Africa,30360
India,27232
China,27032
Greece,26816
Sweden,26696
New Zealand,25776
Singapore,24592
Hong Kong,23960
Poland,22816
Qatar,21984
Norway,18968
Egypt,18896
Austria,18672
Czech Republic,17992
Lebanon,17912
Hungary,16912
Malaysia,14976
Thailand,14904
Brazil,14800
Portugal,14552
Finland,14440
Denmark,13728
Malta,13296
Bahrain,12688
Indonesia,12320
Cyprus,10952
Luxembourg,10768
Oman,10624
Croatia,10504
Bulgaria,10296
Japan,10152
Serbia,8704
Ukraine,8584
Iran,8584
Philippines,8552
South Korea,8528
Nigeria,7760
Iceland,7440
Taiwan,7288
Pakistan,7288
Slovakia,7088
Jersey,6888
Slovenia,6240
Jordan,5984
Estonia,5936
Lithuania,5784
Latvia,5712
Mexico,4664
Guernsey,4336
"",4160
Argentina,4088
Isle of Man,3240
Gibraltar,3040
Chile,2664
Iraq,2288
Georgia,2264
Albania,2256
Sri Lanka,2248
Kazakhstan,2232
Macedonia,2200
Colombia,2184
Azerbaijan,2176
Kenya,2120
Monaco,1984
Bosnia and Herzegovina,1880
Morocco,1816
Mauritius,1720
Montenegro,1504
Belarus,1496
Vietnam,1480
Puerto Rico,1424
Trinidad and Tobago,1232
Abkhazia Georgia,1208
Bangladesh,1200
Ghana,1160
Armenia,1064
Panama,960
Costa Rica,952
Peru,920
Moldova,856
Macau,856
Bermuda,824
Brunei,800
Algeria,800
Uruguay,712
Venezuela,616
Tunisia,600
United States Minor Outlying Islands,584
Libya,568
Kosovo,568
Namibia,536
Andorra,512
Angola,496
Barbados,488
Ecuador,472
Tanzania,464
Guatemala,424
Palestinian Territory,424
Dominican Republic,416
Sudan,408
Zimbabwe,408
Maldives,392
Uganda,376
Botswana,336
Cayman Islands,336
Jamaica,328
Cura ao,320
Zambia,296
Mongolia,296
Mozambique,280
Cambodia,272
Syria,264
Bahamas,256
Aruba,248
Ethiopia,248
Paraguay,224
Senegal,192
El Salvador,192
Honduras,176
Seychelles,168
Kyrgyzstan,160
Liechtenstein,160
Uzbekistan,160
Bolivia,144
Myanmar,144
Ivory Coast,144
U S Virgin Islands,136
Faroe Islands,128
British Virgin Islands,128
Tajikistan,128
Yemen,128
Nepal,120
Nicaragua,120
Turks Caicos Islands,112
Antigua Barbuda,112
Guam,112
Papua New Guinea,112
Rwanda,104
Fiji,96
Dominica,88
St Maarten,88
New Caledonia,80
Suriname,80
Malawi,80
Cameroon,72
Laos,72
Democratic Republic of the Congo,72
Saint Kitts and Nevis,72
Afghanistan,64
Saint Lucia,64
Swaziland,64
Belize,64
Madagascar,64
Vanuatu,64
Mauritania,64
Gabon,56
Togo,56
Bhutan,48
Haiti,48
Reunion,48
Falkland Islands Malvinas,48
Benin,48
Sierra Leone,48
Crimea,48
Guadeloupe,40
Turkmenistan,40
Gambia,40
Mali,40
Guyana,40
Martinique,32
Samoa,32
French Guiana,32
Saint Martin,32
East Timor,32
Liberia,24
San Marino,24
Saint Barts,24
Burundi,24
Bonaire St Eustatius and Saba,24
French Polynesia,24
Antarctica,24
Congo,24
Grenada,24
Lesotho,24
Somalia,24
Central Africa Republic,24
Montserrat,16
American Samoa,16
Eritrea,16
Cook Islands,16
Saint Vincent Grenadines,16
Kiribati,16
Niger,16
Wallis and Futuna,16
St Pierre and Miquelon,16
Equatorial Guinea,16
Cocos K I,16
South Sudan,16
Djibouti,16
Vatican City,8
Cape Verde,8
Northern Mariana Islands,8
Comoros,8
Anguilla,8
Guinea,8
Tuvalu,8
Palau,8
Svalbard Jan Mayen,8
